Sectors,month,transaction_value_thousand_sar,weekly_obs,place_group,group_key,lag_1,lag_2,lag_3,lag_6,lag_12,rolling_3,rolling_std_3,rolling_6,rolling_std_6,rolling_12,rolling_std_12,month_num,month_sin,month_cos,year,trend_months
Hotels,2020-05-01,122398.0,4,accommodation,hotels,,,,,,,,,,,,5,0.49999999999999994,-0.8660254037844387,2020,5
Hotels,2020-06-01,284026.0,4,accommodation,hotels,122398.0,,,,,122398.0,,122398.0,,122398.0,,6,1.2246467991473532e-16,-1.0,2020,6
Hotels,2020-07-01,456015.0,4,accommodation,hotels,284026.0,122398.0,,,,203212.0,114288.2548296193,203212.0,114288.2548296193,203212.0,114288.2548296193,7,-0.4999999999999997,-0.8660254037844388,2020,7
Hotels,2020-08-01,708375.0,5,accommodation,hotels,456015.0,284026.0,122398.0,,,287479.6666666667,166835.3126059748,287479.6666666667,166835.3126059748,287479.6666666667,166835.3126059748,8,-0.8660254037844384,-0.5000000000000004,2020,8
Hotels,2020-09-01,516329.0,4,accommodation,hotels,708375.0,456015.0,284026.0,,,482805.3333333333,213439.24175355694,392703.5,250687.52414177562,392703.5,250687.52414177562,9,-1.0,-1.8369701987210297e-16,2020,9
Hotels,2020-10-01,519960.0,4,accommodation,hotels,516329.0,708375.0,456015.0,,,560239.6666666666,131785.82012239908,417428.6,224030.86599908504,417428.6,224030.86599908504,10,-0.8660254037844386,0.5000000000000001,2020,10
Hotels,2020-11-01,721878.0,5,accommodation,hotels,519960.0,516329.0,708375.0,122398.0,,581554.6666666666,109844.63459966231,434517.1666666667,204704.61108770038,434517.1666666667,204704.61108770038,11,-0.5000000000000004,0.8660254037844384,2020,11
Hotels,2020-12-01,644531.0,4,accommodation,hotels,721878.0,519960.0,516329.0,284026.0,,586055.6666666666,117639.60096129759,534430.5,164183.8714792047,475568.71428571426,216140.20550074612,12,-2.4492935982947064e-16,1.0,2020,12
Hotels,2021-01-01,984693.0,5,accommodation,hotels,644531.0,721878.0,519960.0,456015.0,,628789.6666666666,101875.22693144459,594514.6666666666,111839.86967565134,496689.0,208833.23929736036,1,0.49999999999999994,0.8660254037844387,2021,13
Hotels,2021-02-01,456965.0,4,accommodation,hotels,984693.0,644531.0,721878.0,708375.0,,783700.6666666666,178308.94017500454,682627.6666666666,172635.0785717279,550911.6666666666,254206.18566431463,2,0.8660254037844386,0.5000000000000001,2021,14
Hotels,2021-03-01,547429.0,4,accommodation,hotels,456965.0,984693.0,644531.0,516329.0,,695396.3333333334,267515.74177482224,640726.0,194288.73755521703,541517.0,241502.1640574768,3,1.0,6.123233995736766e-17,2021,15
Hotels,2021-04-01,505809.0,4,accommodation,hotels,547429.0,456965.0,984693.0,519960.0,,663029.0,282217.5233680574,645909.3333333334,190687.74613872456,542054.4545454546,229116.0036995948,4,0.8660254037844387,-0.4999999999999998,2021,16
Hotels,2021-05-01,971747.0,5,accommodation,hotels,505809.0,547429.0,456965.0,721878.0,122398.0,503401.0,45280.04717312064,643550.8333333334,192634.66787514306,539034.0,218703.96902496472,5,0.49999999999999994,-0.8660254037844387,2021,17
Hotels,2021-06-01,792068.0,4,accommodation,hotels,971747.0,505809.0,547429.0,644531.0,284026.0,674995.0,257835.9327712102,685195.6666666666,235249.82561240435,609813.0833333334,208824.52985546514,6,1.2246467991473532e-16,-1.0,2021,18
Hotels,2021-07-01,752081.0,4,accommodation,hotels,792068.0,971747.0,505809.0,984693.0,456015.0,756541.3333333334,234991.83601634626,709785.1666666666,237845.58928381806,652149.9166666666,187144.88030422668,7,-0.4999999999999997,-0.8660254037844388,2021,19
Hotels,2021-08-01,921476.0,5,accommodation,hotels,752081.0,792068.0,971747.0,456965.0,708375.0,838632.0,117001.89084369544,671016.5,200024.59114193934,676822.0833333334,178240.89793129984,8,-0.8660254037844384,-0.5000000000000004,2021,20
Hotels,2021-09-01,635747.0,4,accommodation,hotels,921476.0,752081.0,792068.0,547429.0,516329.0,821875.0,88543.82780860574,748435.0,190262.63792032312,694580.5,191772.50032478108,9,-1.0,-1.8369701987210297e-16,2021,21
Hotels,2021-10-01,908298.0,5,accommodation,hotels,635747.0,921476.0,752081.0,505809.0,519960.0,769768.0,143683.29004097875,763154.6666666666,174352.81398895357,704532.0,184647.8234940528,10,-0.8660254037844386,0.5000000000000001,2021,22
Hotels,2021-11-01,887901.0,4,accommodation,hotels,908298.0,635747.0,921476.0,971747.0,721878.0,821840.3333333334,161296.19169197194,830236.1666666666,126360.39564264828,736893.5,183384.73350680963,11,-0.5000000000000004,0.8660254037844384,2021,23
Hotels,2021-12-01,779147.0,4,accommodation,hotels,887901.0,908298.0,635747.0,792068.0,644531.0,810648.6666666666,151812.23321700183,816261.8333333334,111322.03109432837,750728.75,188344.55742365794,12,-2.4492935982947064e-16,1.0,2021,24
Hotels,2022-01-01,1023695.0,5,accommodation,hotels,779147.0,887901.0,908298.0,752081.0,984693.0,858448.6666666666,69430.36190553353,814108.3333333334,112006.53279459468,761946.75,185430.68000597207,1,0.49999999999999994,0.8660254037844387,2022,25
Hotels,2022-02-01,798440.0,4,accommodation,hotels,1023695.0,779147.0,887901.0,921476.0,456965.0,896914.3333333334,122522.90075464813,859377.3333333334,134544.2704401291,765196.9166666666,189975.9313585219,2,0.8660254037844386,0.5000000000000001,2022,26
Hotels,2022-03-01,1037738.0,4,accommodation,hotels,798440.0,1023695.0,779147.0,635747.0,547429.0,867094.0,135963.08272100933,838871.3333333334,132548.06035346803,793653.1666666666,163312.44166256228,3,1.0,6.123233995736766e-17,2022,27
Hotels,2022-04-01,1238446.0,4,accommodation,hotels,1037738.0,798440.0,1023695.0,908298.0,505809.0,953291.0,134288.59077747454,905869.8333333334,108812.31899268841,834512.25,157335.18907740456,4,0.8660254037844387,-0.4999999999999998,2022,28
Hotels,2022-05-01,1103216.0,5,accommodation,hotels,1238446.0,1037738.0,798440.0,887901.0,971747.0,1024874.6666666666,220284.85880180998,960894.5,174146.6800220432,895565.3333333334,160307.9079761721,5,0.49999999999999994,-0.8660254037844387,2022,29
Hotels,2022-06-01,709775.0,4,accommodation,hotels,1103216.0,1238446.0,1037738.0,779147.0,792068.0,1126466.6666666667,102354.14227735663,996780.3333333334,178233.51588819246,906521.0833333334,170176.2964187742,6,1.2246467991473532e-16,-1.0,2022,30
Hotels,2022-07-01,1101891.0,5,accommodation,hotels,709775.0,1103216.0,1238446.0,1023695.0,752081.0,1017145.6666666666,274644.0118960058,985218.3333333334,196490.02287614136,899663.3333333334,176739.37120997364,7,-0.4999999999999997,-0.8660254037844388,2022,31
Hotels,2022-08-01,1068971.0,4,accommodation,hotels,1101891.0,709775.0,1103216.0,798440.0,921476.0,971627.3333333334,226771.74043591353,998251.0,202066.6228331633,928814.1666666666,179018.30524422645,8,-0.8660254037844384,-0.5000000000000004,2022,32
Hotels,2022-09-01,841710.0,4,accommodation,hotels,1068971.0,1101891.0,709775.0,1037738.0,635747.0,960212.3333333334,217508.79302992177,1043339.5,177219.43798663805,941105.4166666666,183476.5977296474,9,-1.0,-1.8369701987210297e-16,2022,33
Hotels,2022-10-01,1170220.0,5,accommodation,hotels,841710.0,1068971.0,1101891.0,1238446.0,908298.0,1004190.6666666666,141671.8281110727,1010668.1666666666,195577.2115246726,958269.0,160510.80512198847,10,-0.8660254037844386,0.5000000000000001,2022,34
Hotels,2022-11-01,1125552.0,4,accommodation,hotels,1170220.0,841710.0,1068971.0,1103216.0,887901.0,1026967.0,168234.82706324512,999297.1666666666,181135.5716886292,980095.8333333334,170589.91281317288,11,-0.5000000000000004,0.8660254037844384,2022,35
Hotels,2022-12-01,1076673.0,4,accommodation,hotels,1125552.0,1170220.0,841710.0,709775.0,779147.0,1045827.3333333334,178176.09795181092,1003019.8333333334,183906.7623502913,999900.0833333334,172695.53113155667,12,-2.4492935982947064e-16,1.0,2022,36
Hotels,2023-01-01,1366173.0,5,accommodation,hotels,1076673.0,1125552.0,1170220.0,1101891.0,1023695.0,1124148.3333333333,46789.293778954554,1064169.5,114982.65301644345,1024693.9166666666,158930.1041558592,1,0.49999999999999994,0.8660254037844387,2023,37
Hotels,2023-02-01,1242545.0,4,accommodation,hotels,1366173.0,1076673.0,1125552.0,1068971.0,798440.0,1189466.0,154971.9718110342,1108216.5,169851.361884148,1053233.75,187004.9244748403,2,0.8660254037844386,0.5000000000000001,2023,38
Hotels,2023-03-01,1293046.0,4,accommodation,hotels,1242545.0,1366173.0,1076673.0,841710.0,1037738.0,1228463.6666666667,145262.7807159608,1137145.5,176482.31643170313,1090242.5,175593.1203288386,3,1.0,6.123233995736766e-17,2023,39
Hotels,2023-04-01,1558216.0,5,accommodation,hotels,1293046.0,1242545.0,1366173.0,1170220.0,1238446.0,1300588.0,62158.12029815549,1212368.1666666667,108445.53824185858,1111518.1666666667,183922.67944627375,4,0.8660254037844387,-0.4999999999999998,2023,40
Hotels,2023-05-01,988474.0,4,accommodation,hotels,1558216.0,1293046.0,1242545.0,1125552.0,1103216.0,1364602.3333333333,169564.96303875194,1277034.1666666667,174095.53719428414,1138165.6666666667,222998.22268282037,5,0.49999999999999994,-0.8660254037844387,2023,41
Hotels,2023-06-01,791268.0,4,accommodation,hotels,988474.0,1558216.0,1293046.0,1076673.0,709775.0,1279912.0,285097.98860742594,1254187.8333333333,204320.66642551453,1128603.8333333333,227056.11090766735,6,1.2246467991473532e-16,-1.0,2023,42
Hotels,2023-07-01,1360192.0,5,accommodation,hotels,791268.0,988474.0,1558216.0,1366173.0,1101891.0,1112652.6666666667,398268.20688743575,1206620.3333333333,274933.4200657796,1135394.9166666667,214247.88098472936,7,-0.4999999999999997,-0.8660254037844388,2023,43
Hotels,2023-08-01,1071049.0,4,accommodation,hotels,1360192.0,791268.0,988474.0,1242545.0,1068971.0,1046644.6666666666,288888.3855216983,1205623.5,274249.218284209,1156920.0,223357.63520824164,8,-0.8660254037844384,-0.5000000000000004,2023,44
Hotels,2023-09-01,995087.0,4,accommodation,hotels,1071049.0,1360192.0,791268.0,1293046.0,841710.0,1074169.6666666667,284474.83784042014,1177040.8333333333,278534.9006975004,1157093.1666666667,223284.04402213462,9,-1.0,-1.8369701987210297e-16,2023,45
Hotels,2023-10-01,1384419.0,5,accommodation,hotels,995087.0,1071049.0,1360192.0,1558216.0,1170220.0,1142109.3333333333,192646.2911304895,1127381.0,280271.9604327193,1169874.5833333333,207415.36901521895,10,-0.8660254037844386,0.5000000000000001,2023,46
Hotels,2023-11-01,1323848.0,4,accommodation,hotels,1384419.0,995087.0,1071049.0,988474.0,1125552.0,1150185.0,206377.6427523097,1098414.8333333333,231593.33426281175,1187724.5,216467.1382683539,11,-0.5000000000000004,0.8660254037844384,2023,47
Hotels,2023-12-01,1650759.0,5,accommodation,hotels,1323848.0,1384419.0,995087.0,791268.0,1076673.0,1234451.3333333333,209496.2399766003,1154310.5,240068.54640352153,1204249.1666666667,218845.24495751527,12,-2.4492935982947064e-16,1.0,2023,48
Hotels,2024-01-01,1395143.0,4,accommodation,hotels,1650759.0,1323848.0,1384419.0,1360192.0,1366173.0,1453008.6666666667,173914.0801094992,1297559.0,236518.4959761069,1252089.6666666667,249081.30204717253,1,0.49999999999999994,0.8660254037844387,2024,49
Hotels,2024-02-01,1459211.0,4,accommodation,hotels,1395143.0,1650759.0,1323848.0,1071049.0,1242545.0,1456583.3333333333,171897.89527604257,1303384.1666666667,238789.0883858941,1254503.8333333333,250424.32283656308,2,0.8660254037844386,0.5000000000000001,2024,50
Hotels,2024-03-01,1698480.0,5,accommodation,hotels,1459211.0,1395143.0,1650759.0,995087.0,1293046.0,1501704.3333333333,133000.55412415884,1368077.8333333333,214612.15852641317,1272559.3333333333,257202.74167502794,3,1.0,6.123233995736766e-17,2024,51
Hotels,2024-04-01,1152333.0,4,accommodation,hotels,1698480.0,1459211.0,1395143.0,1384419.0,1558216.0,1517611.3333333333,159878.9638830991,1485310.0,153541.5497616183,1306345.5,285239.35780689615,4,0.8660254037844387,-0.4999999999999998,2024,52
Hotels,2024-05-01,961166.0,4,accommodation,hotels,1152333.0,1698480.0,1459211.0,1323848.0,988474.0,1436674.6666666667,273770.069843899,1446629.0,204740.03399335354,1272521.9166666667,276591.113966071,5,0.49999999999999994,-0.8660254037844387,2024,53
Hotels,2024-06-01,1066152.0,5,accommodation,hotels,961166.0,1152333.0,1698480.0,1650759.0,791268.0,1270659.6666666667,382634.13815593265,1386182.0,285751.12218572234,1270246.25,279240.2405798872,6,1.2246467991473532e-16,-1.0,2024,54
Hotels,2024-07-01,1185148.0,4,accommodation,hotels,1066152.0,961166.0,1152333.0,1395143.0,1360192.0,1059883.6666666667,95737.52907994541,1288747.5,277029.18271600874,1293153.25,245627.90829594375,7,-0.4999999999999997,-0.8660254037844388,2024,55
Hotels,2024-08-01,1047697.0,4,accommodation,hotels,1185148.0,1066152.0,961166.0,1459211.0,1071049.0,1070822.0,112064.00294474611,1253748.3333333333,274149.24561535177,1278566.25,246480.92971967816,8,-0.8660254037844384,-0.5000000000000004,2024,56
Hotels,2024-09-01,1288414.0,5,accommodation,hotels,1047697.0,1185148.0,1066152.0,1698480.0,995087.0,1099665.6666666667,74602.73949616999,1185162.6666666667,263745.0765035559,1276620.25,248353.3213399165,9,-1.0,-1.8369701987210297e-16,2024,57
Hotels,2024-10-01,1186896.0,4,accommodation,hotels,1288414.0,1047697.0,1185148.0,1152333.0,1384419.0,1173753.0,120762.3825576494,1116818.3333333333,115713.2599500448,1301064.1666666667,232022.95250209086,10,-0.8660254037844386,0.5000000000000001,2024,58
Hotels,2024-11-01,1388902.0,4,accommodation,hotels,1186896.0,1288414.0,1047697.0,961166.0,1323848.0,1174335.6666666667,120849.03806954111,1122578.8333333333,118657.7265051317,1284603.9166666667,232577.69365504757,11,-0.5000000000000004,0.8660254037844384,2024,59
Hotels,2024-12-01,1739831.0,5,accommodation,hotels,1388902.0,1186896.0,1288414.0,1066152.0,1650759.0,1288070.6666666667,101003.43765106899,1193868.1666666667,130214.58624350234,1290025.0833333333,234327.18830707876,12,-2.4492935982947064e-16,1.0,2024,60
Hotels,2025-01-01,1405685.0,4,accommodation,hotels,1739831.0,1388902.0,1186896.0,1185148.0,1395143.0,1438543.0,279790.0109314127,1306148.0,241206.39405538084,1297447.75,247815.32626465763,1,0.49999999999999994,0.8660254037844387,2025,61
Hotels,2025-02-01,1449166.0,4,accommodation,hotels,1405685.0,1739831.0,1388902.0,1047697.0,1459211.0,1511472.6666666667,197942.07125907668,1342904.1666666667,235823.29923348594,1298326.25,248211.50704338754,2,0.8660254037844386,0.5000000000000001,2025,62
Hotels,2025-03-01,1867572.0,5,accommodation,hotels,1449166.0,1405685.0,1739831.0,1288414.0,1698480.0,1531560.6666666667,181672.91529100697,1409815.6666666667,187266.9513210116,1297489.1666666667,247635.87517520055,3,1.0,6.123233995736766e-17,2025,63
Hotels,2025-04-01,1144424.0,4,accommodation,hotels,1867572.0,1449166.0,1405685.0,1186896.0,1152333.0,1574141.0,255046.98226209238,1506342.0,250696.25173185038,1311580.1666666667,275743.11274406745,4,0.8660254037844387,-0.4999999999999998,2025,64
Hotels,2025-05-01,882841.0,4,accommodation,hotels,1144424.0,1867572.0,1449166.0,1388902.0,961166.0,1487054.0,363059.7511209416,1499263.3333333333,261870.69322065415,1310921.0833333333,276167.4751695744,5,0.49999999999999994,-0.8660254037844387,2025,65
Hotels,2025-06-01,1018728.0,5,accommodation,hotels,882841.0,1144424.0,1867572.0,1739831.0,1066152.0,1298279.0,510075.7849173004,1414919.8333333333,365512.02798891056,1304394.0,285937.99763139937,6,1.2246467991473532e-16,-1.0,2025,66
Recreation and Culture,2020-05-01,965411.0,4,attractions,recreation and culture,,,,,,,,,,,,5,0.49999999999999994,-0.8660254037844387,2020,5
Recreation and Culture,2020-06-01,1114380.0,4,attractions,recreation and culture,965411.0,,,,,965411.0,,965411.0,,965411.0,,6,1.2246467991473532e-16,-1.0,2020,6
Recreation and Culture,2020-07-01,903500.0,4,attractions,recreation and culture,1114380.0,965411.0,,,,1039895.5,105336.9900865788,1039895.5,105336.9900865788,1039895.5,105336.9900865788,7,-0.4999999999999997,-0.8660254037844388,2020,7
Recreation and Culture,2020-08-01,1403513.0,5,attractions,recreation and culture,903500.0,1114380.0,965411.0,,,994430.3333333334,108393.6570115306,994430.3333333334,108393.6570115306,994430.3333333334,108393.6570115306,8,-0.8660254037844384,-0.5000000000000004,2020,8
Recreation and Culture,2020-09-01,1036200.0,4,attractions,recreation and culture,1403513.0,903500.0,1114380.0,,,1140464.3333333333,251024.98755369624,1096701.0,222867.554753939,1096701.0,222867.554753939,9,-1.0,-1.8369701987210297e-16,2020,9
Recreation and Culture,2020-10-01,977607.0,4,attractions,recreation and culture,1036200.0,1403513.0,903500.0,,,1114404.3333333333,259017.73753226505,1084600.8,194896.2144878653,1084600.8,194896.2144878653,10,-0.8660254037844386,0.5000000000000001,2020,10
Recreation and Culture,2020-11-01,1280528.0,5,attractions,recreation and culture,977607.0,1036200.0,1403513.0,965411.0,,1139106.6666666667,230849.12116430805,1066768.5,179709.69110512655,1066768.5,179709.69110512655,11,-0.5000000000000004,0.8660254037844384,2020,11
Recreation and Culture,2020-12-01,1196990.0,4,attractions,recreation and culture,1280528.0,977607.0,1036200.0,1114380.0,,1098111.6666666667,160670.70022979728,1119288.0,189919.90898165468,1097305.5714285714,182867.62065572385,12,-2.4492935982947064e-16,1.0,2020,12
Recreation and Culture,2021-01-01,1516811.0,5,attractions,recreation and culture,1196990.0,1280528.0,977607.0,903500.0,,1151708.3333333333,156454.80197914472,1133056.3333333333,192470.24157585157,1109766.125,172931.96938303928,1,0.49999999999999994,0.8660254037844387,2021,13
Recreation and Culture,2021-02-01,1086139.0,4,attractions,recreation and culture,1516811.0,1196990.0,1280528.0,1403513.0,,1331443.0,165878.3317042948,1235274.8333333333,208376.47325110057,1154993.3333333333,211132.15326662114,2,0.8660254037844386,0.5000000000000001,2021,14
Recreation and Culture,2021-03-01,1087810.0,4,attractions,recreation and culture,1086139.0,1516811.0,1196990.0,1036200.0,,1266646.6666666667,223626.09710034606,1182379.1666666667,197105.79888518414,1148107.9,200244.60498791636,3,1.0,6.123233995736766e-17,2021,15
Recreation and Culture,2021-04-01,1042362.0,4,attractions,recreation and culture,1087810.0,1086139.0,1516811.0,977607.0,,1230253.3333333333,248167.62541543043,1190980.8333333333,190464.97119986828,1142626.2727272727,190836.69001850294,4,0.8660254037844387,-0.4999999999999998,2021,16
Recreation and Culture,2021-05-01,1410873.0,5,attractions,recreation and culture,1042362.0,1087810.0,1086139.0,1280528.0,965411.0,1072103.6666666667,25770.58618528832,1201773.3333333333,177338.55914793783,1134270.9166666667,184243.31818621035,5,0.49999999999999994,-0.8660254037844387,2021,17
Recreation and Culture,2021-06-01,954588.0,4,attractions,recreation and culture,1410873.0,1042362.0,1087810.0,1196990.0,1114380.0,1180348.3333333333,200929.3324339017,1223497.5,195925.27115076294,1171392.75,191847.54320843835,6,1.2246467991473532e-16,-1.0,2021,18
Recreation and Culture,2021-07-01,909712.0,4,attractions,recreation and culture,954588.0,1410873.0,1042362.0,1516811.0,903500.0,1135941.0,242109.00899594804,1183097.1666666667,225277.65508848554,1158076.75,201468.77355024748,7,-0.4999999999999997,-0.8660254037844388,2021,19
Recreation and Culture,2021-08-01,1400886.0,5,attractions,recreation and culture,909712.0,954588.0,1410873.0,1086139.0,1403513.0,1091724.3333333333,277300.1395966713,1081914.0,176463.27487950574,1158594.4166666667,200761.92266891568,8,-0.8660254037844384,-0.5000000000000004,2021,20
Recreation and Culture,2021-09-01,1113474.0,4,attractions,recreation and culture,1400886.0,909712.0,954588.0,1087810.0,1036200.0,1088395.3333333333,271553.4503727275,1134371.8333333333,219504.3404567816,1158375.5,200471.80017716385,9,-1.0,-1.8369701987210297e-16,2021,21
Recreation and Culture,2021-10-01,1318463.0,5,attractions,recreation and culture,1113474.0,1400886.0,909712.0,1042362.0,977607.0,1141357.3333333333,246771.32081612194,1138649.1666666667,218663.99750705803,1164815.0,197408.21925137762,10,-0.8660254037844386,0.5000000000000001,2021,22
Recreation and Culture,2021-11-01,1083430.0,4,attractions,recreation and culture,1318463.0,1113474.0,1400886.0,1410873.0,1280528.0,1277607.6666666667,147997.57812995923,1184666.0,223350.0488121729,1193219.6666666667,192483.5357508571,11,-0.5000000000000004,0.8660254037844384,2021,23
Recreation and Culture,2021-12-01,1143846.0,4,attractions,recreation and culture,1083430.0,1318463.0,1113474.0,954588.0,1196990.0,1171789.0,127908.58919947503,1130092.1666666667,195261.63097794377,1176794.8333333333,192765.22482582665,12,-2.4492935982947064e-16,1.0,2021,24
Recreation and Culture,2022-01-01,1478099.0,5,attractions,recreation and culture,1143846.0,1083430.0,1318463.0,909712.0,1516811.0,1181913.0,122053.06280057071,1161635.1666666667,175529.60603888647,1172366.1666666667,192869.52130289024,1,0.49999999999999994,0.8660254037844387,2022,25
Recreation and Culture,2022-02-01,1119008.0,4,attractions,recreation and culture,1478099.0,1143846.0,1083430.0,1400886.0,1086139.0,1235125.0,212578.91892424342,1256366.3333333333,165464.9964538321,1169140.1666666667,186813.13268506053,2,0.8660254037844386,0.5000000000000001,2022,26
Recreation and Culture,2022-03-01,1245119.0,4,attractions,recreation and culture,1119008.0,1478099.0,1143846.0,1113474.0,1087810.0,1246984.3333333333,200536.09007441375,1209386.6666666667,155969.33574221146,1171879.25,185723.30874332428,3,1.0,6.123233995736766e-17,2022,27
Recreation and Culture,2022-04-01,1191925.0,4,attractions,recreation and culture,1245119.0,1119008.0,1478099.0,1318463.0,1042362.0,1280742.0,182176.65922669694,1231327.5,148876.67881404396,1184988.3333333333,184799.3671060262,4,0.8660254037844387,-0.4999999999999998,2022,28
Recreation and Culture,2022-05-01,1215857.0,5,attractions,recreation and culture,1191925.0,1245119.0,1119008.0,1083430.0,1410873.0,1185350.6666666667,63312.02472148078,1210237.8333333333,142907.41399859803,1197451.9166666667,179266.3387712454,5,0.49999999999999994,-0.8660254037844387,2022,29
Recreation and Culture,2022-06-01,1139652.0,4,attractions,recreation and culture,1215857.0,1191925.0,1245119.0,1143846.0,954588.0,1217633.6666666667,26641.46800259682,1232309.0,128950.51370971736,1181200.5833333333,166548.25690005563,6,1.2246467991473532e-16,-1.0,2022,30
Recreation and Culture,2022-07-01,1314941.0,5,attractions,recreation and culture,1139652.0,1215857.0,1191925.0,1478099.0,909712.0,1182478.0,38970.94896201603,1231610.0,129535.98774394707,1196622.5833333333,151549.72345882692,7,-0.4999999999999997,-0.8660254037844388,2022,31
Recreation and Culture,2022-08-01,1254793.0,4,attractions,recreation and culture,1314941.0,1139652.0,1215857.0,1119008.0,1400886.0,1223483.3333333333,87892.99801652801,1204417.0,71621.6916164371,1230391.6666666667,124549.31790940047,8,-0.8660254037844384,-0.5000000000000004,2022,32
Recreation and Culture,2022-09-01,1195517.0,4,attractions,recreation and culture,1254793.0,1314941.0,1139652.0,1245119.0,1113474.0,1236462.0,89070.6323711697,1227047.8333333333,59696.649723134986,1218217.25,112970.78014177317,9,-1.0,-1.8369701987210297e-16,2022,33
Recreation and Culture,2022-10-01,1351995.0,5,attractions,recreation and culture,1195517.0,1254793.0,1314941.0,1191925.0,1318463.0,1255083.6666666667,59712.53058892581,1218780.8333333333,60126.560841001665,1225054.1666666667,108447.5577493003,10,-0.8660254037844386,0.5000000000000001,2022,34
Recreation and Culture,2022-11-01,1053265.0,4,attractions,recreation and culture,1351995.0,1195517.0,1254793.0,1215857.0,1083430.0,1267435.0,79001.30533098849,1245459.1666666667,78524.38371975077,1227848.5,111463.2699539096,11,-0.5000000000000004,0.8660254037844384,2022,35
Recreation and Culture,2022-12-01,1200051.0,4,attractions,recreation and culture,1053265.0,1351995.0,1195517.0,1139652.0,1143846.0,1200259.0,149421.44473936822,1218360.5,111791.48197559602,1225334.75,115290.75264432702,12,-2.4492935982947064e-16,1.0,2022,36
Recreation and Culture,2023-01-01,1360583.0,5,attractions,recreation and culture,1200051.0,1053265.0,1351995.0,1314941.0,1478099.0,1201770.3333333333,149372.42150187364,1228427.0,105847.89133090939,1230018.5,112793.91326542058,1,0.49999999999999994,0.8660254037844387,2023,37
Recreation and Culture,2023-02-01,1098063.0,4,attractions,recreation and culture,1360583.0,1200051.0,1053265.0,1254793.0,1119008.0,1204633.0,153710.22842999114,1236034.0,114588.14767854485,1220225.5,92588.75621851096,2,0.8660254037844386,0.5000000000000001,2023,38
Recreation and Culture,2023-03-01,1142499.0,4,attractions,recreation and culture,1098063.0,1360583.0,1200051.0,1195517.0,1245119.0,1219565.6666666667,132343.5085727041,1209912.3333333333,126682.48962294149,1218480.0833333333,94840.34043251848,3,1.0,6.123233995736766e-17,2023,39
Recreation and Culture,2023-04-01,1455711.0,5,attractions,recreation and culture,1142499.0,1098063.0,1360583.0,1351995.0,1191925.0,1200381.6666666667,140506.1917686669,1201076.0,129700.51122027243,1209928.4166666667,96825.76339013944,4,0.8660254037844387,-0.4999999999999998,2023,40
Recreation and Culture,2023-05-01,998444.0,4,attractions,recreation and culture,1455711.0,1142499.0,1098063.0,1053265.0,1215857.0,1232091.0,194930.93090630864,1218362.0,157721.72769913476,1231910.5833333333,119625.88670096608,5,0.49999999999999994,-0.8660254037844387,2023,41
Recreation and Culture,2023-06-01,1242262.0,4,attractions,recreation and culture,998444.0,1455711.0,1142499.0,1200051.0,1139652.0,1198884.6666666667,233790.04443374704,1209225.1666666667,170286.07336880686,1213792.8333333333,137418.99236001683,6,1.2246467991473532e-16,-1.0,2023,42
Recreation and Culture,2023-07-01,1306330.0,5,attractions,recreation and culture,1242262.0,998444.0,1455711.0,1360583.0,1314941.0,1232139.0,228801.51588003102,1216260.3333333333,170702.68862518444,1222343.6666666667,135566.15404519672,7,-0.4999999999999997,-0.8660254037844388,2023,43
Recreation and Culture,2023-08-01,1262536.0,4,attractions,recreation and culture,1306330.0,1242262.0,998444.0,1098063.0,1254793.0,1182345.3333333333,162452.92381897417,1207218.1666666667,162782.05527074126,1221626.0833333333,135053.2764520984,8,-0.8660254037844384,-0.5000000000000004,2023,44
Recreation and Culture,2023-09-01,1118781.0,4,attractions,recreation and culture,1262536.0,1306330.0,1242262.0,1142499.0,1195517.0,1270376.0,32745.631097905247,1234630.3333333333,154354.55197520638,1222271.3333333333,135244.50687371776,9,-1.0,-1.8369701987210297e-16,2023,45
Recreation and Culture,2023-10-01,1356932.0,5,attractions,recreation and culture,1118781.0,1262536.0,1306330.0,1455711.0,1351995.0,1229215.6666666667,98113.91496792613,1230677.3333333333,157458.41786029315,1215876.6666666667,138401.78553586328,10,-0.8660254037844386,0.5000000000000001,2023,46
Recreation and Culture,2023-11-01,1282518.0,4,attractions,recreation and culture,1356932.0,1118781.0,1262536.0,998444.0,1053265.0,1246083.0,119924.97907858943,1214214.1666666667,132393.08241508194,1216288.0833333333,138849.81155678967,11,-0.5000000000000004,0.8660254037844384,2023,47
Recreation and Culture,2023-12-01,1588625.0,5,attractions,recreation and culture,1282518.0,1356932.0,1118781.0,1242262.0,1200051.0,1252743.6666666667,121835.37209830913,1261559.8333333333,80372.40480268537,1235392.5,129860.80071683733,12,-2.4492935982947064e-16,1.0,2023,48
Recreation and Culture,2024-01-01,1142262.0,4,attractions,recreation and culture,1588625.0,1282518.0,1356932.0,1306330.0,1360583.0,1409358.3333333333,159645.74589488265,1319287.0,154209.77888318265,1267773.6666666667,164162.83522733997,1,0.49999999999999994,0.8660254037844387,2024,49
Recreation and Culture,2024-02-01,1205279.0,4,attractions,recreation and culture,1142262.0,1588625.0,1282518.0,1262536.0,1098063.0,1337801.6666666667,228259.05193953088,1291942.3333333333,170638.1326206623,1249580.25,165037.57213111137,2,0.8660254037844386,0.5000000000000001,2024,50
Recreation and Culture,2024-03-01,1495906.0,5,attractions,recreation and culture,1205279.0,1142262.0,1588625.0,1118781.0,1142499.0,1312055.3333333333,241579.94735145845,1282399.5,174175.92739382808,1258514.9166666667,158876.33465483785,3,1.0,6.123233995736766e-17,2024,51
Recreation and Culture,2024-04-01,1029421.0,4,attractions,recreation and culture,1495906.0,1205279.0,1142262.0,1356932.0,1455711.0,1281149.0,188635.13023559554,1345253.6666666667,171345.50056148766,1287965.5,167913.7706381138,4,0.8660254037844387,-0.4999999999999998,2024,52
Recreation and Culture,2024-05-01,1046776.0,4,attractions,recreation and culture,1029421.0,1495906.0,1205279.0,1282518.0,998444.0,1243535.3333333333,235583.79419292283,1290668.5,213791.04291691005,1252441.3333333333,174175.58715551862,5,0.49999999999999994,-0.8660254037844387,2024,53
Recreation and Culture,2024-06-01,1404940.0,5,attractions,recreation and culture,1046776.0,1029421.0,1495906.0,1588625.0,1242262.0,1190701.0,264457.6866438185,1251378.1666666667,236088.02989683047,1256469.0,168225.33740086935,6,1.2246467991473532e-16,-1.0,2024,54
Recreation and Culture,2024-07-01,992792.0,4,attractions,recreation and culture,1404940.0,1046776.0,1029421.0,1142262.0,1306330.0,1160379.0,211973.72725646943,1220764.0,191264.33863216641,1270025.5,173449.98238030254,7,-0.4999999999999997,-0.8660254037844388,2024,55
Recreation and Culture,2024-08-01,1231206.0,4,attractions,recreation and culture,992792.0,1404940.0,1046776.0,1205279.0,1262536.0,1148169.3333333333,224002.11943044962,1195852.3333333333,212129.84614397536,1243897.3333333333,190282.58505961508,8,-0.8660254037844384,-0.5000000000000004,2024,56
Recreation and Culture,2024-09-01,1396860.0,5,attractions,recreation and culture,1231206.0,992792.0,1404940.0,1495906.0,1118781.0,1209646.0,206918.1448689314,1200173.5,212623.77239598584,1241286.5,190218.52423534537,9,-1.0,-1.8369701987210297e-16,2024,57
Recreation and Culture,2024-10-01,1039797.0,4,attractions,recreation and culture,1396860.0,1231206.0,992792.0,1029421.0,1356932.0,1206952.6666666667,203122.8822396271,1183665.8333333333,187423.15348581303,1264459.75,190874.894479997,10,-0.8660254037844386,0.5000000000000001,2024,58
Recreation and Culture,2024-11-01,1195278.0,4,attractions,recreation and culture,1039797.0,1396860.0,1231206.0,1046776.0,1282518.0,1222621.0,178686.24222642343,1185395.1666666667,185755.76510290775,1238031.8333333333,198701.8084823373,11,-0.5000000000000004,0.8660254037844384,2024,59
Recreation and Culture,2024-12-01,1399207.0,5,attractions,recreation and culture,1195278.0,1039797.0,1396860.0,1404940.0,1588625.0,1210645.0,179026.82762368346,1210145.5,173050.82743026686,1230761.8333333333,198522.06931945556,12,-2.4492935982947064e-16,1.0,2024,60
Recreation and Culture,2025-01-01,1013793.0,4,attractions,recreation and culture,1399207.0,1195278.0,1039797.0,992792.0,1142262.0,1211427.3333333333,180248.4056804204,1209190.0,171771.25489557325,1214977.0,173425.10267914686,1,0.49999999999999994,0.8660254037844387,2025,61
Recreation and Culture,2025-02-01,1145040.0,4,attractions,recreation and culture,1013793.0,1399207.0,1195278.0,1231206.0,1205279.0,1202759.3333333333,192815.8852645015,1212690.1666666667,166616.4495161467,1204271.25,182071.68974341566,2,0.8660254037844386,0.5000000000000001,2025,62
Recreation and Culture,2025-03-01,1585669.0,5,attractions,recreation and culture,1145040.0,1013793.0,1399207.0,1396860.0,1495906.0,1186013.3333333333,195946.67229206368,1198329.1666666667,168405.15745477227,1199251.3333333333,182870.05642921457,3,1.0,6.123233995736766e-17,2025,63
Recreation and Culture,2025-04-01,979774.0,4,attractions,recreation and culture,1585669.0,1145040.0,1013793.0,1039797.0,1029421.0,1248167.3333333333,299561.30425062147,1229797.3333333333,222025.97456574012,1206731.5833333333,197368.87594251148,4,0.8660254037844387,-0.4999999999999998,2025,64
Recreation and Culture,2025-05-01,1034497.0,4,attractions,recreation and culture,979774.0,1585669.0,1145040.0,1195278.0,1046776.0,1236827.6666666667,313202.6812949299,1219793.5,233361.84236738447,1202594.3333333333,201892.07394020862,5,0.49999999999999994,-0.8660254037844387,2025,65
Recreation and Culture,2025-06-01,1304420.0,5,attractions,recreation and culture,1034497.0,979774.0,1585669.0,1399207.0,1404940.0,1199980.0,335135.2789889481,1192996.6666666667,245647.7595571892,1201571.0833333333,202782.75448974167,6,1.2246467991473532e-16,-1.0,2025,66
Restaurants & Café,2020-05-01,1906050.0,4,food,restaurants caf,,,,,,,,,,,,5,0.49999999999999994,-0.8660254037844387,2020,5
Restaurants & Café,2020-06-01,2706572.0,4,food,restaurants caf,1906050.0,,,,,1906050.0,,1906050.0,,1906050.0,,6,1.2246467991473532e-16,-1.0,2020,6
Restaurants & Café,2020-07-01,3533541.0,4,food,restaurants caf,2706572.0,1906050.0,,,,2306311.0,566054.5346890175,2306311.0,566054.5346890175,2306311.0,566054.5346890175,7,-0.4999999999999997,-0.8660254037844388,2020,7
Restaurants & Café,2020-08-01,4669565.0,5,food,restaurants caf,3533541.0,2706572.0,1906050.0,,,2715387.6666666665,813781.3132250786,2715387.6666666665,813781.3132250786,2715387.6666666665,813781.3132250786,8,-0.8660254037844384,-0.5000000000000004,2020,8
Restaurants & Café,2020-09-01,3976000.0,4,food,restaurants caf,4669565.0,3533541.0,2706572.0,,,3636559.3333333335,985542.9783953278,3203932.0,1181607.2160541902,3203932.0,1181607.2160541902,9,-1.0,-1.8369701987210297e-16,2020,9
Restaurants & Café,2020-10-01,3970617.0,4,food,restaurants caf,3976000.0,4669565.0,3533541.0,,,4059702.0,572618.6783078247,3358345.6,1079983.5689019996,3358345.6,1079983.5689019996,10,-0.8660254037844386,0.5000000000000001,2020,10
Restaurants & Café,2020-11-01,5299765.0,5,food,restaurants caf,3970617.0,3976000.0,4669565.0,1906050.0,,4205394.0,401992.88812490203,3460390.8333333335,997783.0351108233,3460390.8333333335,997783.0351108233,11,-0.5000000000000004,0.8660254037844384,2020,11
Restaurants & Café,2020-12-01,4403307.0,4,food,restaurants caf,5299765.0,3970617.0,3976000.0,2706572.0,,4415460.666666667,765834.7469502367,4026010.0,897287.7547814859,3723158.5714285714,1145849.3255724998,12,-2.4492935982947064e-16,1.0,2020,12
Restaurants & Café,2021-01-01,5717912.0,5,food,restaurants caf,4403307.0,5299765.0,3970617.0,3533541.0,,4557896.333333333,677924.7730842509,4308799.166666667,624058.4408634873,3808177.125,1087763.1511347939,1,0.49999999999999994,0.8660254037844387,2021,13
Restaurants & Café,2021-02-01,3612145.0,4,food,restaurants caf,5717912.0,4403307.0,5299765.0,4669565.0,,5140328.0,671648.4900846572,4672861.0,712260.1110838657,4020369.888888889,1200232.065172028,2,0.8660254037844386,0.5000000000000001,2021,14
Restaurants & Café,2021-03-01,4598921.0,4,food,restaurants caf,3612145.0,5717912.0,4403307.0,3976000.0,,4577788.0,1063671.1799672865,4496624.333333333,833705.4302545157,3979547.4,1138929.2674386178,3,1.0,6.123233995736766e-17,2021,15
Restaurants & Café,2021-04-01,3555734.0,4,food,restaurants caf,4598921.0,3612145.0,5717912.0,3970617.0,,4642992.666666667,1053575.0559045773,4600444.5,793733.8183158764,4035854.090909091,1096502.9714770003,4,0.8660254037844387,-0.4999999999999998,2021,16
Restaurants & Café,2021-05-01,6068651.0,5,food,restaurants caf,3555734.0,4598921.0,3612145.0,5299765.0,1906050.0,3922266.6666666665,586678.2468647816,4531297.333333333,873626.491905704,3995844.0833333335,1054621.576154599,5,0.49999999999999994,-0.8660254037844387,2021,17
Restaurants & Café,2021-06-01,5000903.0,4,food,restaurants caf,6068651.0,3555734.0,4598921.0,4403307.0,2706572.0,4741102.0,1262477.540312302,4659445.0,1047902.5748289775,4342727.5,987183.5651232986,6,1.2246467991473532e-16,-1.0,2021,18
Restaurants & Café,2021-07-01,4996964.0,4,food,restaurants caf,5000903.0,6068651.0,3555734.0,5717912.0,3533541.0,4875096.0,1261173.4667201813,4759044.333333333,1047087.938922356,4533921.75,854792.5095158396,7,-0.4999999999999997,-0.8660254037844388,2021,19
Restaurants & Café,2021-08-01,6259443.0,5,food,restaurants caf,4996964.0,5000903.0,6068651.0,3612145.0,4669565.0,5355506.0,617604.8268909497,4638886.333333333,952104.6848962918,4655873.666666667,801847.4020625275,8,-0.8660254037844384,-0.5000000000000004,2021,20
Restaurants & Café,2021-09-01,5031830.0,4,food,restaurants caf,6259443.0,4996964.0,5000903.0,4598921.0,3976000.0,5419103.333333333,727758.1641316939,5080102.666666667,993628.8726188809,4788363.5,926045.1737016352,9,-1.0,-1.8369701987210297e-16,2021,21
Restaurants & Café,2021-10-01,6575008.0,5,food,restaurants caf,5031830.0,6259443.0,4996964.0,3555734.0,3970617.0,5429412.333333333,719039.0046404531,5152254.166666667,967062.6766458153,4876349.333333333,891352.3790071454,10,-0.8660254037844386,0.5000000000000001,2021,22
Restaurants & Café,2021-11-01,5534598.0,4,food,restaurants caf,6575008.0,5031830.0,6259443.0,6068651.0,5299765.0,5955427.0,815272.2742207049,5655466.5,725543.5226070884,5093381.916666667,964810.4947527228,11,-0.5000000000000004,0.8660254037844384,2021,23
Restaurants & Café,2021-12-01,5517914.0,4,food,restaurants caf,5534598.0,6575008.0,5031830.0,5000903.0,4403307.0,5713812.0,787043.7270368149,5566457.666666667,696910.2301974547,5112951.333333333,971733.8912254022,12,-2.4492935982947064e-16,1.0,2021,24
Restaurants & Café,2022-01-01,7124529.0,5,food,restaurants caf,5517914.0,5534598.0,6575008.0,4996964.0,5717912.0,5875840.0,605554.7110971892,5652626.166666667,642864.4785646267,5205835.25,950779.8199743133,1,0.49999999999999994,0.8660254037844387,2022,25
Restaurants & Café,2022-02-01,5770983.0,4,food,restaurants caf,7124529.0,5517914.0,5534598.0,6259443.0,3612145.0,6059013.666666667,922801.0528496017,6007220.333333333,780840.1404606898,5323053.333333333,1095365.7374448325,2,0.8660254037844386,0.5000000000000001,2022,26
Restaurants & Café,2022-03-01,6156345.0,4,food,restaurants caf,5770983.0,7124529.0,5517914.0,5031830.0,4598921.0,6137808.666666667,863842.4288319794,5925810.333333333,774723.5507267542,5502956.5,957417.8794662905,3,1.0,6.123233995736766e-17,2022,27
Restaurants & Café,2022-04-01,4625369.0,4,food,restaurants caf,6156345.0,5770983.0,7124529.0,6575008.0,3555734.0,6350619.0,697372.5574153315,6113229.5,639401.6941168542,5632741.833333333,928862.67254049,4,0.8660254037844387,-0.4999999999999998,2022,28
Restaurants & Café,2022-05-01,7763983.0,5,food,restaurants caf,4625369.0,6156345.0,5770983.0,5534598.0,6068651.0,5517565.666666667,796327.2799354128,5788289.666666667,825971.7603980596,5721878.083333333,744442.4235426702,5,0.49999999999999994,-0.8660254037844387,2022,29
Restaurants & Café,2022-06-01,6082223.0,4,food,restaurants caf,7763983.0,4625369.0,6156345.0,5517914.0,5000903.0,6181899.0,1569463.0341094371,6159853.833333333,1133295.3587492409,5863155.75,948997.9513066428,6,1.2246467991473532e-16,-1.0,2022,30
Restaurants & Café,2022-07-01,7835587.0,5,food,restaurants caf,6082223.0,7763983.0,4625369.0,7124529.0,4996964.0,6157191.666666667,1570649.447198621,6253905.333333333,1092030.9097789635,5953265.75,910226.8017750629,7,-0.4999999999999997,-0.8660254037844388,2022,31
Restaurants & Café,2022-08-01,6201161.0,4,food,restaurants caf,7835587.0,6082223.0,7763983.0,5770983.0,6259443.0,7227264.333333333,992280.9705347237,6372415.0,1234675.7970181503,6189817.666666667,1003212.0992623767,8,-0.8660254037844384,-0.5000000000000004,2022,32
Restaurants & Café,2022-09-01,6044071.0,4,food,restaurants caf,6201161.0,7835587.0,6082223.0,6156345.0,5031830.0,6706323.666666667,979777.1782243825,6444111.333333333,1204897.25000295,6184960.833333333,1002985.4342901256,9,-1.0,-1.8369701987210297e-16,2022,33
Restaurants & Café,2022-10-01,7773689.0,5,food,restaurants caf,6044071.0,6201161.0,7835587.0,4625369.0,6575008.0,6693606.333333333,992098.3818681154,6425399.0,1211115.916211493,6269314.25,937624.2140689343,10,-0.8660254037844386,0.5000000000000001,2022,34
Restaurants & Café,2022-11-01,6540226.0,4,food,restaurants caf,7773689.0,6044071.0,6201161.0,7763983.0,5534598.0,6672973.666666667,956477.9144346891,6950119.0,923016.8216564667,6369204.333333333,1032230.1192326109,11,-0.5000000000000004,0.8660254037844384,2022,35
Restaurants & Café,2022-12-01,6434848.0,4,food,restaurants caf,6540226.0,7773689.0,6044071.0,6082223.0,5517914.0,6785995.333333333,890615.8152572479,6746159.5,838551.2578746186,6453006.666666667,998585.1771164984,12,-2.4492935982947064e-16,1.0,2022,36
Restaurants & Café,2023-01-01,8163381.0,5,food,restaurants caf,6434848.0,6540226.0,7773689.0,7835587.0,7124529.0,6916254.333333333,744427.1532005884,6804930.333333333,793879.105319111,6529417.833333333,954642.4061943381,1,0.49999999999999994,0.8660254037844387,2023,37
Restaurants & Café,2023-02-01,6798801.0,4,food,restaurants caf,8163381.0,6434848.0,6540226.0,6201161.0,5770983.0,7046151.666666667,968982.5427562315,6859562.666666667,885036.3910553466,6615988.833333333,1055311.5538933892,2,0.8660254037844386,0.5000000000000001,2023,38
Restaurants & Café,2023-03-01,6101812.0,4,food,restaurants caf,6798801.0,8163381.0,6434848.0,6044071.0,6156345.0,7132343.333333333,911259.8142770983,6959169.333333333,827903.057689892,6701640.333333333,1021667.9103788472,3,1.0,6.123233995736766e-17,2023,39
Restaurants & Café,2023-04-01,8229827.0,5,food,restaurants caf,6101812.0,6798801.0,8163381.0,7773689.0,4625369.0,7021331.333333333,1048645.0769351523,6968792.833333333,815379.4615390878,6697095.916666667,1024431.44845044,4,0.8660254037844387,-0.4999999999999998,2023,40
Restaurants & Café,2023-05-01,6986843.0,4,food,restaurants caf,8229827.0,6101812.0,6798801.0,6540226.0,7763983.0,7043480.0,1084902.2167167868,7044815.833333333,919988.1176092292,6997467.416666667,880009.9905809407,5,0.49999999999999994,-0.8660254037844387,2023,41
Restaurants & Café,2023-06-01,7268473.0,4,food,restaurants caf,6986843.0,8229827.0,6101812.0,6434848.0,6082223.0,7106160.666666667,1069013.3250995197,7119252.0,888526.4402103105,6932705.75,846427.3193223961,6,1.2246467991473532e-16,-1.0,2023,42
Restaurants & Café,2023-07-01,8712634.0,5,food,restaurants caf,7268473.0,6986843.0,8229827.0,8163381.0,7835587.0,7495047.666666667,651731.8204179776,7258189.5,822852.656670869,7031559.916666667,806394.0080700988,7,-0.4999999999999997,-0.8660254037844388,2023,43
Restaurants & Café,2023-08-01,6807201.0,4,food,restaurants caf,8712634.0,7268473.0,6986843.0,6798801.0,6201161.0,7655983.333333333,925857.352808915,7349731.666666667,962412.5742311731,7104647.166666667,917924.2307974354,8,-0.8660254037844384,-0.5000000000000004,2023,44
Restaurants & Café,2023-09-01,6737789.0,4,food,restaurants caf,6807201.0,8712634.0,7268473.0,6101812.0,6044071.0,7596102.666666667,994069.7300654174,7351131.666666667,961456.4971948931,7155150.5,879566.7196207788,9,-1.0,-1.8369701987210297e-16,2023,45
Restaurants & Café,2023-10-01,8689565.0,5,food,restaurants caf,6737789.0,6807201.0,8712634.0,8229827.0,7773689.0,7419208.0,1120677.3039296363,7457127.833333333,820971.5528734073,7212960.333333333,820731.5473688261,10,-0.8660254037844386,0.5000000000000001,2023,46
Restaurants & Café,2023-11-01,7283465.0,4,food,restaurants caf,8689565.0,6737789.0,6807201.0,6986843.0,6540226.0,7411518.333333333,1107364.875761071,7533750.833333333,922668.1219134937,7289283.333333333,914809.7318997148,11,-0.5000000000000004,0.8660254037844384,2023,47
Restaurants & Café,2023-12-01,9126738.0,5,food,restaurants caf,7283465.0,8689565.0,6737789.0,7268473.0,6434848.0,7570273.0,1007001.2463706284,7583187.833333333,895036.6511343396,7351219.916666667,884130.7277610932,12,-2.4492935982947064e-16,1.0,2023,48
Restaurants & Café,2024-01-01,7372885.0,4,food,restaurants caf,9126738.0,7283465.0,8689565.0,8712634.0,8163381.0,8366589.333333333,963145.2637459899,7892898.666666667,1068964.912741421,7575544.083333333,968007.7749060873,1,0.49999999999999994,0.8660254037844387,2024,49
Restaurants & Café,2024-02-01,7705222.0,4,food,restaurants caf,7372885.0,9126738.0,7283465.0,6807201.0,6798801.0,7927696.0,1039362.9166094965,7669607.166666667,1001271.547217124,7509669.416666667,951117.7337516191,2,0.8660254037844386,0.5000000000000001,2024,50
Restaurants & Café,2024-03-01,7799536.0,5,food,restaurants caf,7705222.0,7372885.0,9126738.0,6737789.0,6101812.0,8068281.666666667,931589.6776866587,7819277.333333333,909487.8364927558,7585204.5,925169.0115516025,3,1.0,6.123233995736766e-17,2024,51
Restaurants & Café,2024-04-01,7502019.0,4,food,restaurants caf,7799536.0,7705222.0,7372885.0,8689565.0,8229827.0,7625881.0,224118.30505560985,7996235.166666667,745483.5853429461,7726681.5,798897.5633377577,4,0.8660254037844387,-0.4999999999999998,2024,52
Restaurants & Café,2024-05-01,7266910.0,4,food,restaurants caf,7502019.0,7799536.0,7705222.0,7283465.0,6986843.0,7668925.666666667,152043.28062210695,7798310.833333333,679297.8715307254,7666030.833333333,784728.4584264416,5,0.49999999999999994,-0.8660254037844387,2024,53
Restaurants & Café,2024-06-01,9298397.0,5,food,restaurants caf,7266910.0,7502019.0,7799536.0,9126738.0,7268473.0,7522821.666666667,266921.66861147265,7795551.666666667,681836.1866157252,7689369.75,766648.6189540883,6,1.2246467991473532e-16,-1.0,2024,54
Restaurants & Café,2024-07-01,7323383.0,4,food,restaurants caf,9298397.0,7266910.0,7502019.0,7372885.0,8712634.0,8022442.0,1111244.7669118624,7824161.5,749143.3552240235,7858530.083333333,880789.0651923729,7,-0.4999999999999997,-0.8660254037844388,2024,55
Restaurants & Café,2024-08-01,7374205.0,4,food,restaurants caf,7323383.0,9298397.0,7266910.0,7705222.0,6807201.0,7962896.666666667,1156921.8448894173,7815911.166666667,755354.0960358751,7742759.166666667,849049.585743952,8,-0.8660254037844384,-0.5000000000000004,2024,56
Restaurants & Café,2024-09-01,9444891.0,5,food,restaurants caf,7374205.0,7323383.0,9298397.0,7799536.0,6737789.0,7998661.666666667,1125890.6125629314,7760741.666666667,776838.3687310212,7790009.5,806987.0536373428,9,-1.0,-1.8369701987210297e-16,2024,57
Restaurants & Café,2024-10-01,7453663.0,4,food,restaurants caf,9444891.0,7374205.0,7323383.0,7502019.0,8689565.0,8047493.0,1210448.923632881,8034967.5,1039330.9758039096,8015601.333333333,862568.7770914139,10,-0.8660254037844386,0.5000000000000001,2024,58
Restaurants & Café,2024-11-01,7738250.0,4,food,restaurants caf,7453663.0,9444891.0,7374205.0,7266910.0,7283465.0,8090919.666666667,1173246.424267866,8026908.166666667,1044464.9814400546,7912609.5,848449.5860645988,11,-0.5000000000000004,0.8660254037844384,2024,59
Restaurants & Café,2024-12-01,9710851.0,5,food,restaurants caf,7738250.0,7453663.0,9444891.0,9298397.0,9126738.0,8212268.0,1076924.8048211166,8105464.833333333,992293.7984138434,7950508.25,827695.3958468236,12,-2.4492935982947064e-16,1.0,2024,60
Restaurants & Café,2025-01-01,7675796.0,4,food,restaurants caf,9710851.0,7738250.0,7453663.0,7323383.0,7372885.0,8300921.333333333,1229298.0472010577,8174207.166666667,1099914.4922544537,7999184.333333333,915658.4412320582,1,0.49999999999999994,0.8660254037844387,2025,61
Restaurants & Café,2025-02-01,7909286.0,4,food,restaurants caf,7675796.0,9710851.0,7738250.0,7374205.0,7705222.0,8374965.666666667,1157331.9935914387,8232942.666666667,1053837.9596569259,8024426.916666667,900879.2217523846,2,0.8660254037844386,0.5000000000000001,2025,62
Restaurants & Café,2025-03-01,8669653.0,5,food,restaurants caf,7909286.0,7675796.0,9710851.0,9444891.0,7799536.0,8431977.666666666,1113672.8186762633,8322122.833333333,987165.3226319145,8041432.25,896219.9694252389,3,1.0,6.123233995736766e-17,2025,63
Restaurants & Café,2025-04-01,7195163.0,4,food,restaurants caf,8669653.0,7909286.0,7675796.0,7453663.0,7502019.0,8084911.666666667,519683.7646168417,8192916.5,852347.3555138808,8113942.0,909963.4417425835,4,0.8660254037844387,-0.4999999999999998,2025,64
Restaurants & Café,2025-05-01,7357430.0,4,food,restaurants caf,7195163.0,8669653.0,7909286.0,7738250.0,7266910.0,7924700.666666667,737365.851518995,8149833.166666667,902259.3130681294,8088370.666666667,932748.942848686,5,0.49999999999999994,-0.8660254037844387,2025,65
Restaurants & Café,2025-06-01,9245180.0,5,food,restaurants caf,7357430.0,7195163.0,8669653.0,9710851.0,9298397.0,7740748.666666667,808535.7692683314,8086363.166666667,949177.6198531933,8095914.0,925842.1376834117,6,1.2246467991473532e-16,-1.0,2025,66
